Student Id,Quiz_1,Midterm_1,Assignment_1,Assignment_2,Assignment_3,Project,Presentation,Final_Exam_Marks,Total,Grade,Categories
1,2.34,6.78,4.56,3.24,4.56,5.67,7.89,24,59.04,C+,Pass
2,8.17,12.43,2.87,1.87,2.89,2.34,2.34,29,61.91,B-,Pass 
3,5.92,3.21,0.45,4.56,0.76,8.9,5.67,30,59.47,C+,Pass
4,1.45,9.87,3.12,2.34,3.01,1.23,1.23,33,55.25,C+,Pass
5,9.78,5.34,0.98,0.98,1.98,9.45,9.01,31,68.52,B,Distinction
6,3.21,11.09,4.32,3.76,4.32,3.78,3.45,35,68.93,B,Distinction
7,6.89,1.56,1.76,1.45,2.1,6.12,6.78,34,60.66,B-,Pass 
8,0.76,8.23,3.89,4.01,0.54,0.98,0.98,32,51.39,C,Pass
9,4.53,2.9,0.54,2.1,3.67,4.56,4.56,36,58.86,C+,Pass
10,7.32,14.67,2.34,0.65,1.32,7.89,8.9,39,82.09,A,Excellent
11,2.11,4.12,4.01,3.43,4.01,2.01,2.01,33,54.7,C,Pass
12,8.98,10.78,1.67,1.21,2.45,8.43,7.12,5,45.64,C-,Pass
13,5.67,0.45,3.45,4.32,0.89,5.32,5.32,35,60.42,B-,Pass 
14,1.23,7.12,0.21,2.76,3.21,1.76,1.76,33,51.05,C,Pass
15,9.01,13.89,2.98,0.54,1.76,9.01,9.45,36,82.64,A,Excellent
16,3.89,5.01,4.23,3.1,4.1,3.54,3.54,33,60.41,B-,Pass 
17,6.45,11.76,1.09,1.98,2.34,6.78,6.01,31,67.41,B,Distinction
18,0.32,2.32,3.76,4.09,0.43,0.21,0.21,32,43.34,D+,Fail
19,4.09,8.99,0.32,2.56,3.89,4.89,4.89,23,52.63,C,Pass
20,7.76,3.65,2.01,0.32,1.09,7.45,8.43,34,64.71,B-,Pass 
21,2.87,9.32,4.78,3.89,4.65,2.65,2.65,36,66.81,B,Distinction
22,8.54,4.98,1.43,1.09,2.56,8.21,7.56,38,72.37,B+,Distinction
23,5.01,10.65,3.1,4.45,0.21,5.43,5.43,9,43.28,D+,Fail
24,1.78,1.21,0.65,2.43,3.12,1.1,1.1,31,42.39,D+,Fail
25,9.45,6.87,2.56,0.76,1.54,9.67,9.67,34,74.52,B+,Distinction
26,3.12,12.54,4.89,3.12,4.78,3.32,3.32,36,71.09,B+,Distinction
27,6.78,3.98,1.32,1.65,2.01,6.01,6.45,34,62.2,B-,Pass 
28,0.65,9.65,3.67,4.78,0.32,0.54,0.54,32,52.15,C,Pass
29,4.32,5.32,0.76,2.01,3.98,4.21,4.21,27,51.81,C,Pass
30,7.09,11,2.23,0.21,1.65,7.76,8.21,25,63.15,B-,Pass 
31,2.76,2.67,4.56,3.54,4.23,2.87,2.87,28,51.5,C,Pass
32,8.43,8.34,1.87,1.32,2.76,8.09,7.34,34,72.15,B+,Distinction
33,5.2,14.01,3.54,4.23,0.12,5.09,5.09,36,73.28,B+,Distinction
34,1.87,4.78,0.09,2.87,3.54,1.45,1.45,39,55.05,C+,Pass
35,9.64,10.45,2.76,0.43,1.21,9.12,9.12,37,79.73,A-,Distinction
36,3.31,0.12,4.09,3.67,4.45,3.98,3.98,36,59.6,C+,Pass
37,6.98,6.89,1.98,1.54,2.87,6.45,6.22,35,67.93,B,Distinction
38,0.54,12.56,3.21,4.65,0.65,0.76,0.76,30,53.13,C,Pass
39,4.21,3.23,0.43,2.21,3.34,4.78,4.78,34,56.98,C+,Pass
40,7.88,9.9,2.1,0.89,1.1,7.34,7.01,38,74.22,B+,Distinction
41,2,5.57,4.45,3.21,4.21,2.22,2.22,30,53.88,C,Pass
42,6.45,4.78,4.21,3.89,3.45,7.32,8.23,22,60.33,B-,Pass 
43,2.89,8.21,3.76,4.56,4.01,8.45,6,34,71.88,B+,Distinction
44,8.76,5.43,4.45,3.45,3.56,6.89,6.45,35,73.99,B+,Distinction
45,4.01,7.32,3.89,4.01,4.23,4.56,9.01,36,73.03,B+,Distinction
46,0.98,3.56,3.45,3.78,3.89,9.01,5.34,34,64.01,B-,Pass 
47,7.32,6.89,4.12,4.32,4.32,5.23,8.9,31,72.1,B+,Distinction
48,2.1,2.45,3.56,3.12,3.67,8.67,4.76,32,60.33,B-,Pass 
49,5.67,9.01,4.01,4.09,4.56,6.45,6.89,36,76.68,A-,Distinction
50,1.32,4.32,3.32,3.56,3.21,4.89,4.56,37,62.18,B-,Pass 
51,9.54,8.76,3.12,4.45,4.45,7.12,9.34,36,82.78,A,Excellent
52,3.76,3.98,4.23,3.21,3.12,5.34,5.01,33,61.65,B-,Pass 
53,0.54,6.1,3.65,4.65,4.09,8.9,7.89,30,65.82,B,Distinction
54,6.78,2.87,4.34,3.34,3.23,6.01,4.32,26,56.89,C+,Pass
55,2.21,9.45,3.98,4.01,4.65,4.76,6.78,29,64.84,B-,Pass 
56,8.09,5.67,4.56,3.98,3.34,9.45,4.89,34,73.98,B+,Distinction
57,4.32,7.09,3.21,4.21,4.01,5.67,9.45,35,72.96,B+,Distinction
58,0.65,4.21,3.78,3.23,3.98,7.89,5.23,31,59.97,C+,Pass
59,7.01,8.34,4.09,4.78,4.21,6.23,7.56,39,81.22,A,Excellent
60,2.43,3.12,3.67,3.01,3.45,4.32,4.12,30,54.12,C,Pass
61,9.01,6.45,4.54,4.89,4.32,9.56,8.45,36,83.22,A,Excellent
62,3.1,2.98,3.01,3.9,3.12,5.98,6.01,38,66.1,B,Distinction
63,0.76,9.78,4.32,4.32,4.78,7.21,4.23,34,69.4,B,Distinction
64,5.43,5.01,3.23,3.12,3.01,4.1,9.12,32,65.02,B,Distinction
65,1.65,7.65,3.1,4.56,4.89,8.09,5.78,35,70.72,B+,Distinction
66,8.43,3.23,4.78,3.45,3.9,6.78,7.67,36,74.24,B+,Distinction
67,4.78,6.78,3.87,4.09,4.32,4.45,4.45,31,63.74,B-,Pass 
68,0.32,2.32,4.65,3.67,3.12,9.34,8.56,34,65.98,B,Distinction
69,7.89,8.54,3.34,4.01,4.56,5.12,6.23,35,74.69,B+,Distinction
70,2.56,4.56,3.56,3.56,3.45,7.56,4.1,35,64.35,B-,Pass 
71,6.12,7.21,4.09,4.45,4.09,4.01,9.56,30,69.53,B,Distinction
72,1.21,3.67,3.45,3.21,3.67,8.23,5.89,34,63.33,B-,Pass 
73,9.87,6.01,3.9,4.12,4.01,6.45,7.34,33,74.7,B+,Distinction
74,3.54,2.76,4.01,3.78,3.56,4.89,4.01,32,58.55,C+,Pass
75,0.21,9.12,3.21,4.23,4.45,9.12,8.78,31,70.12,B+,Distinction
76,5.98,5.89,4.45,3.89,3.21,5.43,6.67,34,69.52,B,Distinction
77,1.45,7.98,3.12,4.01,4.12,7.67,4.98,23,56.33,C+,Pass
78,8.65,4.01,3.78,3.23,3.78,4.56,9.67,24,61.68,B-,Pass 
79,4.21,8.43,4.01,4.32,4.23,8.78,5.45,21,60.43,B-,Pass 
80,0.89,3.45,3.23,3.98,3.89,6.01,7.23,22,50.68,C,Pass
81,6.34,6.23,3.89,4.56,4.01,4.23,4.34,34,67.6,B,Distinction
82,2.76,9.34,4.12,3.67,3.23,9.89,8.01,39,80.02,A,Excellent
83,8.54,10.23,3.78,4.12,3.21,8.76,8.56,34,81.2,A,Excellent
84,5.32,6.78,2.45,2.54,2.67,5.43,7.89,31,64.08,B-,Pass 
85,6.78,13.45,4.12,3.78,4.12,7.89,9.23,32,81.37,A,Excellent
86,3.45,8.56,3.23,2.89,3.45,6.12,6.78,36,70.48,B+,Distinction
87,9.01,5.32,2.98,4.01,2.89,9.01,8.12,39,80.34,A,Excellent
88,4.89,12.01,4.01,3.23,4.01,5.67,7.34,36,77.16,A-,Distinction
89,7.23,7.89,2.67,2.67,2.32,8.34,9.01,31,71.13,B+,Distinction
90,3.76,9.45,3.56,3.45,3.78,6.78,6.89,30,67.67,B,Distinction
91,8.01,11.76,4.32,4.56,2.54,9.45,8.45,23,72.09,B+,Distinction
92,4.56,5.89,2.1,2.98,4.56,5.21,7.56,26,58.86,C+,Pass
93,6.12,14.32,3.01,3.12,2.1,7.56,9.45,28,73.68,B+,Distinction
94,3.98,7.23,4.45,4.32,3.01,6.23,6.45,34,69.67,B,Distinction
95,9.45,10.98,2.32,2.1,4.32,8.9,8.9,36,82.97,A,Excellent
96,5.67,6.45,3.89,3.56,2.98,5.98,7.12,34,69.65,B,Distinction
97,7.89,13.12,4.56,4.01,3.56,7.12,9.67,36,85.93,A,Excellent
98,4.32,8.34,2.87,2.43,4.45,6.45,6.56,31,66.42,B,Distinction
99,6.01,5.67,3.12,3.89,2.43,9.34,8.23,37,75.69,A-,Distinction
100,9.5,14.8,3.3,4.2,4.3,7.34,8.56,39,91,A+,Exceptional
101,9.13,12.56,4.7,3.23,4.34,8.34,9.56,39,90.86,A+,Exceptional
102,8.75,14.56,3.3,4.23,4.74,8.34,9.56,37,90.48,A+,Exceptional
103,9.23,13.56,4.3,4.67,4.67,8.76,9.56,36,90.75,A+,Exceptional
104,9.03,14.56,2.3,4.12,4.5,8.98,9.56,39,92.05,A+,Exceptional
105,8.56,13.56,4.3,3.23,4.09,9.34,9.56,38,90.64,A+,Exceptional
106,3.21,12.45,4.01,4.45,3.23,5.32,7.78,36,76.45,A-,Distinction
107,8.9,6.01,2.54,2.76,4.01,8.01,9.34,37,78.57,A-,Distinction
108,5.09,14.09,3.45,3.01,2.76,6.67,6.01,32,73.08,B+,Distinction
109,7.56,9.87,4.09,4.23,3.89,9.12,8.67,33,80.43,A,Excellent
110,3.1,11.34,2.76,2.32,4.23,5.89,7.23,34,70.87,B+,Distinction
111,9.34,5.21,3.78,3.67,2.87,8.45,9.12,38,80.44,A,Excellent
112,5.43,13.78,4.21,4.56,3.12,6.01,6.34,36,79.45,A-,Distinction
113,6.45,7.56,2.98,2.21,4.01,7.78,8.01,31,70,B+,Distinction
114,3.87,10.67,3.56,3.78,2.32,5.56,7.01,32,68.77,B,Distinction
115,8.21,6.89,4.32,4.01,3.45,8.23,9.56,36,80.67,A,Excellent
116,4.01,14.54,2.43,2.87,4.56,6.34,6.12,35,75.87,A-,Distinction
117,7.34,8.01,3.1,3.34,2.21,9.67,8.78,37,79.45,A-,Distinction
118,3.56,11.23,4.65,4.09,3.67,5.1,7.45,33,72.75,B+,Distinction
119,9.12,5.43,2.21,2.65,4.09,7.23,9.89,31,71.62,B+,Distinction
120,5.78,12.56,3.34,3.12,2.98,6.89,6.67,32,73.34,B+,Distinction
121,6.89,7.12,4.56,4.32,3.12,8.56,8.34,36,78.91,A-,Distinction
122,3.23,10.12,2.89,2.98,4.32,5.78,7.67,37,73.99,B+,Distinction
123,8.45,6.34,3.67,3.45,2.65,7.34,9.78,31,72.68,B+,Distinction
124,4.78,14.76,4.23,4.12,3.56,6.45,6.23,32,76.13,A-,Distinction
125,7.67,8.9,2.01,2.01,4.45,9.89,8.45,36,79.38,A-,Distinction
126,9.32,13.56,2.3,4.18,4.5,8.98,9.97,38,90.81,A+,Exceptional
127,8.87,12.56,4.89,4.12,3.5,9.74,8.56,39,91.24,A+,Exceptional
128,8.34,14.56,3.99,3.87,4.5,8.98,9.56,37,90.8,A+,Exceptional
129,9.11,13.56,3.45,4.12,4.5,8.98,8.56,38,90.28,A+,Exceptional
130,8.98,14.56,2.3,4.45,4.77,8.98,9.56,37,90.6,A+,Exceptional
131,9.09,13.56,4.3,4.09,4.5,8.34,8.56,38,90.44,A+,Exceptional
132,9.03,14.67,2.99,4.67,4.5,7.99,9.56,37,90.41,A+,Exceptional
133,9.45,14.78,3.3,4.56,3.5,8.98,8.56,39,92.13,A+,Exceptional
134,9.89,14.96,4.3,4.45,4.89,9.98,9.56,37,95.03,A+,Exceptional
135,9.89,14.96,4.3,4.45,4.89,9.98,9.56,35,93.03,A+,Exceptional
136,9.03,14.12,4.3,4.56,4.5,8.98,9.58,36,91.07,A+,Exceptional
137,3.34,11.45,3.45,3.56,2.01,5.01,7.23,38,74.05,B+,Distinction
138,9.67,5.01,4.12,4.45,3.78,8.12,9.01,30,74.16,B+,Distinction
139,5.21,13.23,2.32,2.32,4.01,6.56,6.89,23,63.54,B-,Pass 
140,6.23,7.34,3.98,3.98,2.32,9.56,8.56,28,69.97,B,Distinction
141,6.23,10.21,3.12,3.89,2.78,4.56,5.67,23,59.46,C+,Pass
142,4.89,6.45,2.45,4.12,4.23,8.23,8.23,34,72.6,B+,Distinction
143,8.45,13.78,4.01,3.45,3.56,7.12,7.12,35,82.49,A,Excellent
144,3.67,4.89,3.56,4.01,2.98,6.45,6.45,29,61.01,B-,Pass 
145,9.12,11.34,2.98,3.56,3.45,9.01,9.01,37,85.47,A,Excellent
146,5.32,8.56,3.23,4.23,4.01,5.34,5.34,22,58.03,C+,Pass
147,7.89,5.32,4.32,3.78,2.32,8.9,8.9,32,73.43,B+,Distinction
148,4.56,3.67,2.76,4.32,3.67,4.76,4.76,21,49.5,C-,Pass
149,8.01,14.23,3.45,3.67,4.12,6.89,6.89,22,69.26,B,Distinction
150,3.78,6.78,4.56,4.56,2.89,4.56,4.56,20,51.69,C,Pass
151,6.45,12.09,2.1,3.21,3.01,7.12,9.34,35,78.32,A-,Distinction
152,4.32,7.56,3.78,4.45,4.45,5.34,5.01,33,67.91,B,Distinction
153,9.01,4.12,4.01,3.12,2.54,8.9,7.89,31,70.59,B+,Distinction
154,5.67,9.45,2.32,4.09,3.89,6.01,4.32,36,71.75,B+,Distinction
155,7.34,5.67,3.67,3.23,4.23,4.76,6.78,35,70.68,B+,Distinction
156,3.23,13.01,4.12,4.65,2.65,9.45,4.89,36,78,A-,Distinction
157,6.78,8.9,2.89,3.34,3.34,5.67,9.45,31,71.37,B+,Distinction
158,4.01,6.01,3.01,4.01,4.01,7.89,5.23,36,70.17,B+,Distinction
159,8.9,14.45,4.45,3.98,2.43,6.23,7.56,37,85,A,Excellent
160,5.21,7.12,2.54,4.21,3.56,4.32,4.12,32,63.08,B-,Pass 
161,7.56,11.23,3.89,3.45,4.32,9.56,8.45,31,79.46,A-,Distinction
162,3.12,5.98,4.23,4.32,2.21,5.98,6.01,34,65.85,B,Distinction
163,9.45,12.54,2.65,3.12,3.12,7.21,4.23,37,79.32,A-,Distinction
164,5.98,9.01,3.34,4.78,4.09,4.1,9.12,34,74.42,B+,Distinction
165,7.01,7.89,4.01,3.01,2.87,8.09,5.78,36,74.66,B+,Distinction
166,3.45,3.23,2.43,4.89,3.01,6.78,7.67,39,70.46,B+,Distinction
167,8.67,13.56,3.56,3.9,4.56,4.45,4.45,30,73.15,B+,Distinction
168,4.78,6.23,4.32,4.32,2.98,9.34,8.56,32,72.53,B+,Distinction
169,7.23,10.78,2.21,3.12,3.45,5.12,6.23,36,74.14,B+,Distinction
170,3.56,4.56,3.12,4.56,4.01,7.56,4.1,34,65.47,B,Distinction
171,9.34,12.9,4.09,3.45,2.32,4.01,9.56,33,78.67,A-,Distinction
172,5.43,8.34,2.87,4.09,3.78,8.23,5.89,31,69.63,B,Distinction
173,6.56,5.21,3.01,3.67,4.23,6.45,7.34,30,66.47,B,Distinction
174,3.89,14.67,4.56,4.01,2.76,4.89,4.01,38,76.79,A-,Distinction
175,8.12,7.34,2.98,3.56,3.56,9.12,8.78,36,79.46,A-,Distinction
176,4.21,11.45,3.45,4.45,4.45,5.43,6.67,37,77.11,A-,Distinction
177,7.78,4.01,4.01,3.21,2.1,7.67,4.98,35,68.76,B,Distinction
178,3.01,9.67,2.32,4.12,3.67,4.56,9.67,33,70.02,B+,Distinction
179,9.56,5.78,3.78,3.78,4.12,8.78,5.45,30,71.25,B+,Distinction
180,5.12,13.12,4.23,4.23,2.76,6.01,7.23,34,76.7,A-,Distinction
181,6.89,6.89,2.76,3.89,3.56,4.23,4.34,38,70.56,B+,Distinction
182,6.78,8.56,3.45,4.23,2.45,8.23,8.56,32,74.26,B+,Distinction
183,4.56,7.89,2.76,3.67,3.12,6.45,7.89,33,69.34,B,Distinction
184,8.23,11.23,4.01,3.12,4.01,5.67,5.23,35,76.5,A-,Distinction
185,7.12,10.12,3.12,4.01,1.89,9.01,6.78,25,67.05,B,Distinction
186,5.34,5.67,2.32,3.56,2.34,7.89,9.01,29,65.13,B,Distinction
187,9.01,9.45,4.56,4.32,3.78,6.78,6.45,33,77.35,A-,Distinction
188,5.67,12.34,3.01,3.78,1.56,4.56,4.9,35,70.82,B+,Distinction
189,8.9,6.78,2.89,4.45,4.23,9.45,8.12,37,81.82,A,Excellent
190,4.76,14.56,4.23,3.89,2.67,8.9,5.67,33,77.68,A-,Distinction
191,6.89,4.78,3.67,4.56,3.45,5.34,7.34,36,72.03,B+,Distinction
192,4.56,8.9,2.54,3.21,1.23,7.12,6.01,34,67.57,B,Distinction
193,7.12,13.21,4.12,4.01,2.98,6.01,4.56,33,75.01,A-,Distinction
194,5.34,5.43,3.56,3.12,4.56,4.76,9.45,37,73.22,B+,Distinction
195,8.9,10.89,2.43,4.09,1.78,9.12,7.12,36,80.33,A,Excellent
196,6.01,6.12,4.32,3.23,2.1,5.98,5.78,34,67.54,B,Distinction
197,8.56,5.45,2.98,4.23,2.98,5.56,6.56,7,43.32,D+,Fail
198,6.56,7.45,2.98,4.23,2.98,7.56,6.78,6,44.54,D+,Fail
199,5.56,5.45,4.98,3.23,4.98,5.56,6.56,7,43.32,D+,Fail
200,5.56,5.45,3.98,4.79,3.98,6.56,7.56,6,43.88,D+,Fail
201,7.56,5.45,2.98,4.23,3.98,6.56,6.89,5,42.65,D+,Fail
202,4.76,11.78,2.1,4.65,3.56,7.34,8.23,31,73.42,B+,Distinction
203,9.45,7.01,3.78,3.34,4.01,4.32,6.56,29,67.47,B,Distinction
204,5.23,14.01,4.01,4.01,1.32,8.56,4.89,34,76.03,A-,Distinction
205,7.56,5.32,2.98,3.98,2.89,6.23,9.12,30,68.08,B,Distinction
206,4.12,12.45,3.23,4.21,3.01,4.89,7.56,35,74.47,B+,Distinction
207,8.45,8.23,4.45,3.45,4.45,9.34,5.34,34,77.71,A-,Distinction
208,9.56,13.56,4.56,4.23,4.01,8.34,9.56,39,92.82,A+,Exceptional
209,9.57,12.56,4.3,4.23,4.5,8.34,9.56,37,90.06,A+,Exceptional
210,9.56,13.56,4.78,3.23,4.01,8.34,8.56,39,91.04,A+,Exceptional
211,8.56,14.56,4.56,4.23,4.5,8.34,8.56,38,91.31,A+,Exceptional
212,9.56,12.56,4.8,4.23,4.89,7.34,9.56,38,90.94,A+,Exceptional
213,6.01,13.56,2.65,4.32,1.98,7.56,8.9,37,81.98,A,Excellent
214,4.23,6.45,3.34,3.12,2.43,6.67,6.23,35,67.47,B,Distinction
215,9.12,11.34,4.56,4.78,3.67,4.01,4.01,29,70.49,B+,Distinction
216,5.78,9.67,2.21,3.01,4.12,8.45,9.67,33,75.91,A-,Distinction
217,7.67,14.12,3.89,4.89,1.45,5.21,7.01,36,80.24,A,Excellent
218,4.45,4.56,4.23,3.9,2.76,7.67,5.45,37,70.02,B+,Distinction
219,8.56,10.34,2.87,4.32,3.23,6.12,8.34,36,79.78,A-,Distinction
220,6.23,7.56,3.56,3.12,4.32,4.45,6.89,34,70.13,B+,Distinction
221,4.1,12.78,4.32,4.56,1.67,8.78,4.32,37,77.53,A-,Distinction
222,9.56,5.89,2.01,3.45,2.21,5.12,9.23,32,69.47,B,Distinction
223,5.89,9.01,3.12,4.09,3.89,7.23,7.78,21,62.01,B-,Pass 
224,7.34,13.45,4.09,3.67,4.01,4.1,5.01,27,68.67,B,Distinction
225,4.01,6.23,2.98,4.01,1.1,9.89,8.45,29,65.67,B,Distinction
226,8.78,11.9,3.45,3.56,2.54,8.01,6.34,30,74.58,B+,Distinction
227,8.56,12.56,4.56,4.23,4.01,8.34,9.56,39,90.82,A+,Exceptional
228,9.56,13.56,4.56,4.23,4.01,8.34,9.56,39,92.82,A+,Exceptional
229,9.57,12.56,4.3,4.23,4.5,8.34,9.56,37,90.06,A+,Exceptional
230,9.56,12.56,4.56,3.23,4.01,8.34,9.56,39,90.82,A+,Exceptional
231,8.56,12.56,4.56,4.23,4.5,8.34,9.56,38,90.31,A+,Exceptional
232,9.56,12.56,4.8,4.23,4.01,7.34,9.56,39,91.06,A+,Exceptional
233,8.92,12.56,4.74,4.23,4.01,8.34,8.56,39,90.36,A+,Exceptional
234,9.56,13.56,4.56,4.23,4.01,7.34,9.56,39,91.82,A+,Exceptional
235,8.78,14.56,4.56,4.23,4.01,8.34,9.56,39,93.04,A+,Exceptional
236,9.56,12.56,4.56,4.79,4.01,8.34,9.56,39,92.38,A+,Exceptional
237,8.56,12.56,4.56,4.23,4.01,8.7,9.56,39,91.18,A+,Exceptional
238,6.67,8.01,4.01,4.45,3.34,5.43,4.45,34,70.36,B+,Distinction
239,4.98,14.67,2.32,3.21,4.56,7.01,9.56,34,80.31,A,Excellent
240,9.67,7.34,3.78,4.12,1.78,6.34,7.23,32,72.26,B+,Distinction
241,5.45,12.01,4.23,3.78,2.32,4.23,5.89,25,62.91,B-,Pass 
242,7.23,5.21,2.76,4.23,3.56,9.56,8.67,34,75.22,A-,Distinction
243,4.34,10.45,3.56,3.89,4.01,5.65,6.12,30,68.02,B,Distinction
244,4.56,7.89,3.45,4.23,2.45,8.23,8.76,39.5,79.07,A-,Distinction
245,8.23,5.12,2.76,3.67,3.12,6.45,6.89,36,72.24,B+,Distinction
246,7.12,11.45,4.01,3.12,4.01,5.67,7.45,22,64.83,B-,Pass 
247,6.45,9.67,3.12,4.01,1.89,9.01,5.78,33,72.93,B+,Distinction
248,9.01,4.23,2.32,3.56,2.34,7.89,9.23,32,70.58,B+,Distinction
249,5.34,12.56,4.56,4.32,3.78,6.78,6.34,34,77.68,A-,Distinction
250,8.9,6.78,3.01,3.78,1.56,4.56,8.01,35,71.6,B+,Distinction
251,8.99,12.56,4.74,4.23,4.67,8.34,8.56,39,91.09,A+,Exceptional
252,9.23,13.56,4.44,4.23,4.77,7.34,8.56,38,90.13,A+,Exceptional
253,8.75,14.99,4.56,3.99,4.01,9.34,9.56,37,92.2,A+,Exceptional
254,9.31,12.67,4.56,4.79,3.99,8.34,9.56,39,92.22,A+,Exceptional
255,8.44,13.78,4.56,4.23,4.01,8.7,9.56,38,91.28,A+,Exceptional
256,8.42,12.78,4.56,4.89,4.9,8.69,9.8,37,91.04,A+,Exceptional
257,4.76,14.23,2.89,4.45,4.23,9.45,5.56,31,76.57,A-,Distinction
258,6.89,5.43,4.23,3.89,2.67,8.9,7.12,30,69.13,B,Distinction
259,4.56,8.9,3.67,4.56,3.45,5.34,6.67,35,72.15,B+,Distinction
260,7.12,13.01,2.54,3.21,1.23,7.12,5.34,36,75.57,A-,Distinction
261,5.34,6.01,4.12,4.01,2.98,6.01,8.9,33,70.37,B+,Distinction
262,8.9,4.89,3.56,3.12,4.56,4.76,6.23,29,65.02,B,Distinction
263,6.01,10.34,2.43,4.09,1.78,9.12,7.89,31,72.66,B+,Distinction
264,4.76,7.12,4.32,3.23,2.1,5.98,5.45,35,67.96,B,Distinction
265,9.45,13.56,2.1,4.65,3.56,7.34,9.01,37,86.67,A,Excellent
266,5.67,8.45,3.78,3.34,4.01,4.32,7.56,30,67.13,B,Distinction
267,7.89,6.56,4.01,4.01,1.32,8.56,6.78,33,72.13,B+,Distinction
268,6.23,14.12,2.98,3.98,2.89,6.23,5.01,36,77.44,A-,Distinction
269,4.32,3.67,3.23,4.21,3.01,4.89,8.45,33.5,65.28,B,Distinction
270,9.56,9.01,4.45,3.45,4.45,9.34,6.01,31.5,77.77,A-,Distinction
271,5.98,11.78,2.65,4.32,1.98,7.56,7.23,32.5,74,B+,Distinction
272,7.21,4.56,3.34,3.12,2.43,6.67,5.89,38,71.22,B+,Distinction
273,4.1,12.23,4.56,4.78,3.67,4.01,9.56,30,72.91,B+,Distinction
274,8.09,7.34,2.21,3.01,4.12,8.45,6.45,33,72.67,B+,Distinction
275,6.78,5.78,3.89,4.89,1.45,5.21,8.34,35,71.34,B+,Distinction
276,4.45,10.45,4.23,3.9,2.76,7.67,5.12,36,74.58,B+,Distinction
277,9.34,3.45,2.87,4.32,3.23,6.12,7.67,38,75,A-,Distinction
278,6.5,14,4.5,4.7,4.9,9.1,9.11,38,90.81,A+,Exceptional
279,5.5,15,4.98,4.291,4.5,9.17,9.13,39,91.571,A+,Exceptional
280,5.59,13,4.6,4.98,4.5,9.1,9.98,39,90.75,A+,Exceptional
281,5.5,15,4.97,4.97,4.91,9.1,9.18,39,92.63,A+,Exceptional
282,5.12,13.34,3.56,3.12,4.32,4.45,6.12,37,77.03,A-,Distinction
283,7.56,6.23,4.32,4.56,1.67,8.78,8.56,34,75.68,A-,Distinction
284,4.01,8.56,2.01,3.45,2.21,5.12,5.67,37,68.03,B,Distinction
285,7.5,15,4.5,4.2,4.5,9.1,9.74,39,93.54,A+,Exceptional
286,8.5,14,4.79,4.89,4.46,9.1,9.19,38,92.93,A+,Exceptional
287,6.5,15,4.5,4.2,4.5,9.1,9.91,39,92.71,A+,Exceptional
288,8.23,3.78,3.12,4.09,3.89,7.23,9.12,38,77.46,A-,Distinction
289,6.45,14.45,4.09,3.67,4.01,4.1,7.01,33,76.78,A-,Distinction
290,7.5,13,4.79,4.61,4.5,9.12,9.18,39,91.7,A+,Exceptional
291,5.5,15,4.69,4.2,4.67,9.1,9.11,38,90.27,A+,Exceptional
292,5.69,14,4.5,4.87,4.54,9.17,9.15,39,90.92,A+,Exceptional
293,4.89,5.34,2.98,4.01,1.1,9.89,6.56,31,65.77,B,Distinction
294,9.12,11.12,3.45,3.56,2.54,8.01,8.23,23,69.03,B,Distinction
295,5.43,4.01,4.01,4.45,3.34,5.43,5.23,25,56.9,C+,Pass
296,7.67,12.78,2.32,3.21,4.56,7.01,9.45,22,69,B,Distinction
297,4.56,6.89,3.78,4.12,1.78,6.34,7.34,28,62.81,B-,Pass 
298,8.78,9.89,4.23,3.78,2.32,4.23,6.01,34,73.24,B+,Distinction
299,6.01,3.23,2.76,4.23,3.56,9.56,8.9,32,70.25,B+,Distinction
300,4.23,7.01,3.56,3.89,4.01,5.65,5.98,31,65.33,B,Distinction
301,6.78,7.89,3.45,2.45,4.23,8.56,6.78,34,74.14,B+,Distinction
302,4.56,5.12,2.76,3.12,3.67,7.23,7.89,33,67.35,B,Distinction
303,8.23,11.45,4.01,4.01,3.12,6.45,8.45,36,81.72,A,Excellent
304,7.12,9.67,3.12,1.89,4.01,9.78,5.56,35,76.15,A-,Distinction
305,5.34,4.23,2.32,2.34,3.56,5.67,9.23,23,55.69,C+,Pass
306,9.01,12.56,4.56,3.78,4.32,4.89,6.34,29,74.46,B+,Distinction
307,5.67,6.78,3.01,1.56,3.78,7.56,8.01,28.5,64.87,B-,Pass 
308,8.9,14.23,2.89,4.23,4.45,6.01,5.45,30,76.16,A-,Distinction
309,4.76,5.43,4.23,2.67,3.89,4.32,7.12,31,63.42,B-,Pass 
310,6.89,8.9,3.67,3.45,4.56,9.01,6.67,30,73.15,B+,Distinction
311,4.56,13.01,2.54,1.23,3.21,8.23,5.34,25,63.12,B-,Pass 
312,7.12,6.01,4.12,2.98,4.01,5.12,8.9,28,66.26,B,Distinction
313,5.34,4.89,3.56,4.56,3.12,4.76,6.23,34,66.46,B,Distinction
314,8.9,10.34,2.43,1.78,4.09,7.89,7.89,36,79.32,A-,Distinction
315,6.01,7.12,4.32,2.1,3.23,6.34,5.45,38,72.57,B+,Distinction
316,4.76,13.56,2.1,3.56,4.65,9.45,9.01,29,76.09,A-,Distinction
317,7.56,5.45,2.98,4.27,3.98,5.56,6.56,6,42.36,D+,Fail
318,5.56,5.45,2.98,4.2,2.98,6.09,7.56,7,41.82,D+,Fail
319,6.56,5.45,2.56,4.29,2.98,5.56,7.56,6,40.96,D+,Fail
320,7.56,5.45,2.12,4.28,3.98,5.03,6.56,7,41.98,D+,Fail
321,6.56,5.45,3.98,4.26,2.98,5.56,7.56,5,41.35,D+,Fail
322,7.56,5.45,2.98,3.23,3.98,5.91,6.56,6,41.67,D+,Fail
323,7.6,6.45,3.98,3.8,3.9,5.78,6.56,6,44.07,D+,Fail
324,9.45,8.45,3.78,4.01,3.34,5.98,7.56,32,74.57,B+,Distinction
325,5.23,6.56,4.01,1.32,4.01,8.34,6.78,33,69.25,B,Distinction
326,7.56,14.12,2.98,2.89,3.98,6.78,5.01,31,74.32,B+,Distinction
327,4.12,3.67,3.23,3.01,4.21,4.56,8.45,36,67.25,B,Distinction
328,8.45,9.01,4.45,4.45,3.45,9.12,6.01,35,79.94,A-,Distinction
329,6.01,11.78,2.65,1.98,4.32,7.01,7.23,34,74.98,B+,Distinction
330,4.23,4.56,3.34,2.43,3.12,5.43,5.89,33.5,62.5,B-,Pass 
331,9.12,12.23,4.56,3.67,4.78,8.9,9.56,36,88.82,A,Excellent
332,5.78,7.34,2.21,4.12,3.01,4.01,6.45,31,63.92,B-,Pass 
333,7.67,5.78,3.89,1.45,4.89,6.67,8.34,33,71.69,B+,Distinction
334,4.45,10.45,4.23,2.76,3.9,8.12,5.12,35,74.03,B+,Distinction
335,8.56,3.45,2.87,3.23,4.32,4.45,7.67,32,66.55,B,Distinction
336,6.23,13.34,3.56,4.32,3.12,7.34,6.12,33,77.03,A-,Distinction
337,4.1,6.23,4.32,1.67,4.56,5.56,8.56,21,56,C+,Pass
338,9.56,8.56,2.01,2.21,3.45,9.56,5.67,29,70.02,B+,Distinction
339,5.89,3.78,3.12,3.89,4.09,6.23,9.12,26,62.12,B-,Pass 
340,7.34,14.45,4.09,4.01,3.67,4.23,7.01,34,78.8,A-,Distinction
341,4.01,5.34,2.98,1.1,4.01,8.67,6.56,36,68.67,B,Distinction
342,8.78,11.12,3.45,2.54,3.56,7.45,8.23,34,79.13,A-,Distinction
343,6.67,4.01,4.01,3.34,4.45,4.98,5.23,36,68.69,B,Distinction
344,4.98,12.78,2.32,4.56,3.21,9.23,9.45,37,83.53,A,Excellent
345,9.67,6.89,3.78,1.78,4.12,5.89,7.34,35,74.47,B+,Distinction
346,5.45,9.89,4.23,2.32,3.78,7.78,6.01,33,72.46,B+,Distinction
347,7.23,3.23,2.76,3.56,4.23,4.1,8.9,31,65.01,B,Distinction
348,4.34,7.01,3.56,4.01,3.89,8.01,5.98,32,68.8,B,Distinction
349,7.23,3.45,4.23,2.45,3.67,7.89,8.76,34,71.68,B+,Distinction
350,5.98,12.78,2.32,4.56,3.21,9.23,8.45,36,82.53,A,Excellent
351,4.79,11.56,2.89,4.59,4.21,9.56,7.45,37,82.05,A,Excellent
352,3.98,12.77,3.32,4.56,3.65,9.23,9.45,38,84.96,A,Excellent
353,5.98,13.78,2.32,4.59,3.21,9.56,8.45,37,84.89,A,Excellent
354,4.91,12.78,2.56,4.56,4.21,9.23,9.45,36,83.7,A,Excellent
355,6.78,5.45,2.56,4.22,2.98,5.56,7.56,7,42.11,D+,Fail
356,7.23,5.09,2.12,4.28,3.98,5.03,6.56,9,43.29,D+,Fail
357,6.11,5.04,3.98,4.2,2.98,5.56,7.56,8,43.43,D+,Fail
358,7.09,5.23,2.98,3.23,3.98,5.91,5.56,7,40.98,D+,Fail
359,7.89,6.45,3.98,3.8,3.9,5.78,4.56,5,41.36,D+,Fail
360,4.98,14.72,2.32,4.6,3.56,9.89,7.45,37,84.52,A,Excellent
361,4.9,12.78,2.82,4.56,3.21,9.23,9.45,35,81.95,A,Excellent
362,4.98,12.7,2.32,4.72,3.91,9.7,8.45,37,83.78,A,Excellent
363,4.92,12.28,2.39,4.56,3.21,9.23,9.45,39,85.04,A,Excellent
364,4.98,12.78,2.32,4.79,3.66,9.39,7.45,37,82.37,A,Excellent
365,6.45,2.76,3.67,3.12,4.01,8.45,7.89,33,69.35,B,Distinction
366,4.78,4.01,3.12,4.01,3.45,5.67,6.45,35,66.49,B,Distinction
367,9.01,3.12,4.01,1.89,4.23,6.78,5.78,38,72.82,B+,Distinction
368,7.89,2.32,3.56,2.34,3.12,4.32,9.23,37,69.78,B,Distinction
369,6.78,4.56,4.32,3.78,4.32,9.01,6.34,34,73.11,B+,Distinction
370,4.56,3.01,3.78,1.56,3.56,7.12,8.01,30,61.6,B-,Pass 
371,9.45,2.89,4.45,4.23,4.01,8.9,5.56,33,72.49,B+,Distinction
372,8.9,4.23,3.89,2.67,3.23,6.01,7.12,34,70.05,B+,Distinction
373,5.34,3.67,4.56,3.45,4.45,4.56,6.67,36,68.7,B,Distinction
374,7.12,2.54,3.21,1.23,3.89,9.12,5.34,38,70.45,B+,Distinction
375,6.01,4.12,4.01,2.98,4.56,5.98,8.9,34,70.56,B+,Distinction
376,4.76,3.56,3.12,4.56,3.78,7.34,6.23,31,64.35,B-,Pass 
377,9.12,2.43,4.09,1.78,4.01,6.23,7.89,30,65.55,B,Distinction
378,5.56,6.45,2.98,2.23,2.98,6.56,6.56,7,40.32,D+,Fail
379,6.56,5.45,2.98,4.23,2.98,5.56,7.59,6,41.35,D+,Fail
380,7.89,6.45,4.98,1.23,2.9,5.56,6.67,7,42.68,D+,Fail
381,6.56,5.48,2.98,4.23,2.88,5.56,7.56,5,40.25,D+,Fail
382,7.56,5.45,2.98,4.23,2.03,5.56,6.09,8,41.9,D+,Fail
383,5.98,4.32,3.23,2.1,3.56,4.78,5.45,29.5,58.92,C+,Pass
384,7.34,2.1,4.65,3.56,4.12,9.45,9.01,33,73.23,B+,Distinction
385,4.32,3.78,3.34,4.01,3.34,5.34,7.56,36,67.69,B,Distinction
386,8.56,4.01,4.01,1.32,4.23,8.34,6.78,38,75.25,A-,Distinction
387,6.23,2.98,3.98,2.89,3.12,6.67,5.01,35,65.88,B,Distinction
388,4.89,3.23,4.21,3.01,4.56,4.23,8.45,30,62.58,B-,Pass 
389,9.34,4.45,3.45,4.45,3.01,9.67,6.01,38,78.38,A-,Distinction
390,7.56,2.65,4.32,1.98,4.67,7.56,7.23,35,70.97,B+,Distinction
391,5.56,3.45,3.98,4.23,2.98,6.56,6.56,7,40.32,D+,Fail
392,6.03,5.45,2.98,4.23,2.98,5.56,7.56,6,40.79,D+,Fail
393,7.56,3.45,2.01,4.23,2.98,5.56,6.59,8,40.38,D+,Fail
394,6.56,5.45,2.98,4.23,2.98,5.5,7.56,5,40.26,D+,Fail
395,8.56,5.45,2.98,4.23,2.98,5.03,6.4,6,41.63,D+,Fail
396,6.67,3.34,3.12,2.43,3.56,6.12,5.89,36,67.13,B,Distinction
397,4.01,4.56,4.78,3.67,4.23,4.89,9.56,36.5,72.2,B+,Distinction
398,8.45,2.21,3.01,4.12,3.78,8.01,6.45,34,70.03,B+,Distinction
399,5.21,3.89,4.89,1.45,4.01,5.12,8.34,31,63.91,B-,Pass 
400,7.67,4.23,3.9,2.76,3.23,7.23,5.12,23,57.14,C+,Pass
401,6.12,2.87,4.32,3.23,4.45,6.56,7.67,27,62.22,B-,Pass 
402,4.45,3.56,3.12,4.32,3.89,4.01,6.12,28,57.47,C+,Pass
403,8.78,4.32,4.56,1.67,4.56,8.56,8.56,34,75.01,A-,Distinction
404,5.12,2.01,3.45,2.21,3.12,5.45,5.67,36,63.03,B-,Pass 
405,7.23,3.12,4.09,3.89,4.01,7.78,9.12,38,77.24,A-,Distinction
406,4.1,4.09,3.67,4.01,3.34,6.34,7.01,36,68.56,B,Distinction
407,9.89,2.98,4.01,1.1,4.23,4.45,6.56,30,63.22,B-,Pass 
408,8.01,3.45,3.56,2.54,3.45,9.23,8.23,30.5,68.97,B,Distinction
409,5.43,4.01,4.45,3.34,4.12,7.01,5.23,31,64.59,B-,Pass 
410,7.01,2.32,3.21,4.56,3.67,5.89,9.45,35,71.11,B+,Distinction
411,6.34,3.78,4.12,1.78,4.23,8.67,7.34,38,74.26,B+,Distinction
412,4.23,4.23,3.78,2.32,3.56,6.45,6.01,39,69.58,B,Distinction
413,9.56,2.76,4.23,3.56,4.45,4.67,8.9,35,73.13,B+,Distinction
414,5.65,3.56,3.89,4.01,3.89,9.34,5.98,35,71.32,B+,Distinction
415,6.78,9.12,2.45,3.45,3.67,7.89,8.76,34,76.12,A-,Distinction
416,7.89,6.34,3.12,2.76,4.01,8.45,7.89,35,75.46,A-,Distinction
417,9.56,14.78,4.32,4.56,3.21,9.23,8.45,36,90.11,A+,Exceptional
418,4.98,14.56,3.89,4.78,4.21,9.56,9.45,39,90.43,A+,Exceptional
419,8.67,14.77,4.32,3.56,3.65,9.23,9.45,38,91.65,A+,Exceptional
420,9.98,13.78,4.32,4.59,3.21,9.56,8.45,37,90.89,A+,Exceptional
421,9.91,14.78,2.56,4.56,4.21,9.23,9.45,36,90.7,A+,Exceptional
422,8.45,12.45,4.01,4.01,3.45,5.67,6.45,28,72.49,B+,Distinction
423,5.56,10.67,1.89,3.12,4.23,6.78,5.78,30,68.03,B,Distinction
424,9.23,5.23,2.34,2.32,3.12,4.32,9.23,34,69.79,B,Distinction
425,6.34,13.56,3.78,4.56,4.32,9.01,6.34,33,80.91,A,Excellent
426,8.01,7.78,1.56,3.01,3.56,7.12,8.01,31,70.05,B+,Distinction
427,5.45,14.23,4.23,2.89,4.01,8.9,5.56,37,82.27,A,Excellent
428,7.12,6.56,2.67,4.23,3.23,6.01,7.12,36,72.94,B+,Distinction
429,6.67,9.9,3.45,3.67,4.45,4.56,6.67,30,69.37,B,Distinction
430,5.34,14.01,1.23,2.54,3.89,9.12,5.34,39,80.47,A,Excellent
431,8.9,7.01,2.98,4.12,4.56,5.98,8.9,37,79.45,A-,Distinction
432,6.23,5.89,4.56,3.56,3.78,7.34,6.23,34,71.59,B+,Distinction
433,7.89,11.34,1.78,2.43,4.01,6.23,7.89,37,78.57,A-,Distinction
434,5.45,8.12,2.1,4.32,3.56,4.78,5.45,30,63.78,B-,Pass 
435,9.01,13.45,3.56,2.1,4.12,9.45,9.01,34,84.7,A,Excellent
436,7.56,9.45,4.01,3.78,3.34,5.34,7.56,36,77.04,A-,Distinction
437,6.78,7.56,1.32,4.01,4.23,8.34,6.78,37,76.02,A-,Distinction
438,5.01,14.12,2.89,2.98,3.12,6.67,5.01,30,69.8,B,Distinction
439,8.45,4.67,3.01,3.23,4.56,4.23,8.45,35,71.6,B+,Distinction
440,6.01,10.01,4.45,4.45,3.01,9.67,6.01,38,81.61,A,Excellent
441,7.23,12.78,1.98,2.65,4.67,7.56,7.23,36,80.1,A,Excellent
442,5.89,5.56,2.43,3.34,3.56,6.12,5.89,35,67.79,B,Distinction
443,9.56,13.23,3.67,4.56,4.23,4.89,9.56,33,82.7,A,Excellent
444,6.45,8.34,4.12,2.21,3.78,8.01,6.45,23,62.36,B-,Pass 
445,8.34,6.78,1.45,3.89,4.01,5.12,8.34,29,66.93,B,Distinction
446,5.12,11.45,2.76,4.23,3.23,7.23,5.12,21,60.14,B-,Pass 
447,7.67,4.45,3.23,2.87,4.45,6.56,7.67,28,64.9,B-,Pass 
448,6.12,12.34,4.32,3.56,3.89,4.01,6.12,34,74.36,B+,Distinction
449,8.56,7.23,1.67,4.32,4.56,8.56,8.56,30,73.46,B+,Distinction
450,5.67,9.56,2.21,2.01,3.12,5.45,5.67,32,65.69,B,Distinction
451,9.12,4.78,3.89,3.12,4.01,7.78,9.12,33,74.82,B+,Distinction
452,7.01,13.45,4.01,4.09,3.34,6.34,7.01,32,77.25,A-,Distinction
453,6.56,6.34,1.1,2.98,4.23,4.45,6.56,34,66.22,B,Distinction
454,8.23,11.12,2.54,3.45,3.45,9.23,8.23,34,80.25,A,Excellent
455,5.23,5.01,3.34,4.01,4.12,7.01,5.23,39,72.95,B+,Distinction
456,9.45,14.78,4.56,2.32,3.67,5.89,9.45,35,85.12,A,Excellent
457,7.34,7.89,1.78,3.78,4.23,8.67,7.34,37,78.03,A-,Distinction
458,6.78,9.78,3.45,3.67,3.89,7.89,8.76,36,80.22,A,Excellent
459,7.78,10.78,3.45,3.63,2.87,7.89,8.7,37,82.1,A,Excellent
460,6.7,10.71,3.44,3.61,4.89,7.89,8.18,35,80.42,A,Excellent
461,6.72,10.78,3.46,3.57,2.77,7.89,8.76,37,80.95,A,Excellent
462,6.79,10.75,3.45,3.67,2.89,7.89,8.23,38,81.67,A,Excellent
463,6.78,10.78,3.47,3.67,3.67,7.89,8.49,36,80.75,A,Excellent
464,6.81,10.74,3.45,3.68,2.89,7.89,8.76,37,81.22,A,Excellent
465,6.77,10.78,3.48,3.69,2.59,7.89,8.59,39,82.79,A,Excellent
466,6.01,10.89,2.32,4.23,3.56,6.45,6.01,33,72.47,B+,Distinction
467,8.9,4.23,3.56,2.76,4.45,4.67,8.9,36,73.47,B+,Distinction
468,5.98,8.01,4.01,3.56,3.89,9.34,5.98,30,70.77,B+,Distinction
469,6.78,10.78,3.45,3.67,2.89,7.89,8.76,37,81.22,A,Excellent
470,7.89,5.34,2.76,4.01,3.67,6.45,7.89,35,73.01,B+,Distinction
471,8.45,12.01,4.01,3.45,4.12,8.01,6.45,36,82.5,A,Excellent
472,5.56,8.56,3.12,4.23,2.43,5.67,5.78,33,68.35,B,Distinction
473,9.23,7.23,2.32,3.12,3.56,9.12,9.23,34,77.81,A-,Distinction
474,6.34,11.45,4.56,4.32,4.01,7.23,6.34,31,75.25,A-,Distinction
475,8.01,13.78,3.01,3.56,2.1,6.78,8.01,35,80.25,A,Excellent
476,5.45,5.89,2.89,4.01,3.23,5.34,5.56,29,61.37,B-,Pass 
477,7.12,9.34,4.23,3.23,4.45,8.45,7.12,37,80.94,A,Excellent
478,6.67,14.01,3.67,4.45,2.98,6.01,6.67,39,83.46,A,Excellent
479,5.34,6.67,2.54,3.89,3.78,7.56,5.34,32,67.12,B,Distinction
480,8.9,9.12,4.12,4.56,4.56,9.34,8.9,37,86.5,A,Excellent
481,6.23,5.56,3.56,3.78,2.32,5.78,6.23,25,58.46,C+,Pass
482,7.89,7.89,2.43,4.01,3.45,8.9,7.89,30,72.46,B+,Distinction
483,5.45,13.23,4.32,3.56,4.23,6.23,5.45,32,74.47,B+,Distinction
484,9.01,4.78,2.1,4.12,2.76,4.67,9.01,33,69.45,B,Distinction
485,7.56,10.34,3.78,3.34,3.01,7.12,7.56,38,80.71,A,Excellent
486,6.78,6.12,4.01,4.23,4.32,8.56,6.78,34,74.8,B+,Distinction
487,5.01,14.45,2.98,3.12,2.54,5.23,5.01,25,63.34,B-,Pass 
488,8.45,7.01,3.23,4.56,3.12,9.01,8.45,39,82.83,A,Excellent
489,6.01,11.89,4.45,3.01,4.01,6.34,6.01,32,73.72,B+,Distinction
490,7.23,5.12,2.65,4.67,2.65,7.89,7.23,34,71.44,B+,Distinction
491,5.89,8.23,3.34,3.56,3.89,5.12,5.89,31,66.92,B,Distinction
492,9.56,12.56,4.56,4.23,4.01,8.34,9.56,39,91.82,A+,Exceptional
493,6.45,6.01,2.21,3.78,2.21,6.56,6.45,30,63.67,B-,Pass 
494,8.34,9.45,3.89,4.01,3.34,4.89,8.34,29,71.26,B+,Distinction
495,5.12,13.12,4.23,3.23,4.23,7.67,5.12,28,70.72,B+,Distinction
496,7.67,4.56,2.87,4.45,2.87,9.45,7.67,34,73.54,B+,Distinction
497,6.12,8.9,3.56,3.89,3.56,5.45,6.12,33,70.6,B+,Distinction
498,8.56,6.45,4.32,4.56,4.32,8.78,8.56,27,72.55,B+,Distinction
499,5.67,11.01,2.01,3.12,2.01,6.12,5.67,29,64.61,B-,Pass 
500,9.12,7.56,3.12,4.01,3.12,7.01,9.12,30,73.06,B+,Distinction
501,7.01,9.78,4.09,3.34,4.09,9.23,7.01,29,73.55,B+,Distinction
502,6.56,5.45,2.98,4.23,2.98,5.56,6.56,7,41.32,D+,Fail
503,8.23,12.34,3.45,3.45,3.45,8.23,8.23,33,80.38,A,Excellent
504,5.23,10.45,4.01,4.12,4.01,6.89,5.23,34,73.94,B+,Distinction
505,9.45,6.56,2.32,3.67,2.32,4.56,9.45,38,76.33,A-,Distinction
506,7.34,8.34,3.78,4.23,3.78,7.34,7.34,17,59.15,C+,Pass
507,6.01,14.23,4.23,3.56,4.23,9.56,6.01,29,76.83,A-,Distinction
508,5.5,15,4.5,4.2,4.5,9.1,9.11,39,90.91,A+,Exceptional
509,7.56,5.45,2.98,4.23,2.98,5.56,6.56,7,42.32,D+,Fail
510,6.56,6.45,2.98,4.23,2.98,5.56,6.56,6,41.32,D+,Fail
511,5.56,5.45,3.98,4.23,3.98,5.56,7.56,5,41.32,D+,Fail
512,5.56,5.67,3.98,4.79,3.98,5.56,6.56,6,42.1,D+,Fail
513,7.56,5.78,2.98,4.23,3.98,5.56,7.56,4,41.65,D+,Fail
514,5.56,5.45,2.98,4.23,2.98,6.56,6.56,7,41.32,D+,Fail
515,6.56,5.99,2.98,4.23,2.98,5.98,7.56,6,42.28,D+,Fail
516,7.56,5.45,2.98,4.23,2.98,5.56,6.56,7,42.32,D+,Fail
517,6.56,5.9,2.98,4.23,2.98,5.56,7.56,5,40.77,D+,Fail
518,7.56,5.45,2.98,4.23,2.98,5.56,6.56,6,41.32,D+,Fail
519,8.9,4.23,2.76,4.45,2.76,5.01,8.9,34,71.01,B+,Distinction
520,5.98,9.01,3.56,3.89,3.56,8.12,5.98,31,71.1,B+,Distinction
